validation_protocol_name,benchmark_protocol_name,model_name,audit_metric,precision_k,train_in_sample_mean,cv_oof_mean,test_holdout_mean,test_holdout_std,test_holdout_min,test_holdout_max,avg_train_test_gap,max_train_test_gap,avg_cv_test_gap,cv_oof_std,test_brier_mean,calibration_status,risk_score,risk_level,risk_reasons
model_generalization_validation_v1,baseline_host_vs_field_v1,baseline_random_forest,roc_auc,50,0.9892234753550543,0.9108413856818304,0.9392708446916004,0.0029423783761835373,0.9356952622396686,0.9429019463526332,0.0499526306634539,0.0535670435247425,0.028429459009769936,0.0020193593581004057,0.08502851749590484,good,7,HIGH,avg train/test gap for pr_auc = 0.185; max train/test gap for pr_auc = 0.195; avg train/test gap for precision_at_k = 0.113; max train/test gap for precision_at_k = 0.140
model_generalization_validation_v1,baseline_host_vs_field_v1,baseline_legacy_gaussian,roc_auc,50,0.8476767585630741,0.8459036962182904,0.8495674771926,0.0072995742795829415,0.8409129320684767,0.8587681277941337,0.0018907186295256003,0.0078823633831063,0.003663780974309433,0.0024628610083534327,0.1471906821628591,watch,4,MODERATE,avg train/test gap for precision_at_k = 0.107; max train/test gap for precision_at_k = 0.180
model_generalization_validation_v1,baseline_host_vs_field_v1,main_contrastive_v1,roc_auc,50,0.8724023057644111,0.8711800683705269,0.8765623523425289,0.00610554545306697,0.8704042634391015,0.8848830552829572,0.004160046578117867,0.0129399475135336,0.005382283972002101,0.002177321414327891,0.14754761162606142,watch,2,MODERATE,avg train/test gap for precision_at_k = 0.073; max train/test gap for precision_at_k = 0.100
model_generalization_validation_v1,baseline_host_vs_field_v1,baseline_mlp_small,roc_auc,50,0.9312697076023392,0.8652985222796228,0.932715852506088,0.0016540211996382867,0.9305738196488932,0.9346007796314468,0.0014461449037489,0.0065046374359188,0.06741733022646527,0.010465768336456597,0.08390198580130974,good,1,LOW,avg cv/test gap for roc_auc = 0.067
