priority_tier,n_rows,top_final_score
HIGH,172,0.7779323650034746
MEDIUM,1266,0.49920380693808214
LOW,3562,0.29984503958268316
