{
  "global_z_mu": [
    5318.179828845019,
    4.390423364761344,
    1.0362097819681793
  ],
  "global_z_sigma": [
    712.1873431259421,
    0.18673612577897508,
    0.32984846909140597
  ],
  "classes": {
    "K": {
      "label": "K",
      "n": 927,
      "z_mu": [
        -0.7549868993715084,
        0.8263732769893649,
        -0.7333218168037896
      ],
      "cov": [
        [
          0.15836622657853405,
          -0.06721425737203225,
          0.06018406070947797
        ],
        [
          -0.06721425737203225,
          0.19841934777726208,
          -0.13135719438275742
        ],
        [
          0.06018406070947797,
          -0.13135719438275742,
          0.13227819135896246
        ]
      ],
      "inv_cov": [
        [
          7.682421039005456,
          0.8418783297238629,
          -2.6593387404920272
        ],
        [
          0.8418783297238633,
          14.803172075188494,
          14.317065238037294
        ],
        [
          -2.6593387404920263,
          14.317065238037294,
          22.987155285611646
        ]
      ],
      "det_cov": 0.0011704435220144785,
      "cond_cov": 11.669876137201637,
      "pd": true
    },
    "G": {
      "label": "G",
      "n": 1831,
      "z_mu": [
        0.40204648898028655,
        -0.2696067499904271,
        0.2845655508807868
      ],
      "cov": [
        [
          0.0813052665834374,
          -0.10084500878928984,
          0.08949351864464727
        ],
        [
          -0.10084500878928984,
          0.5858025112960165,
          -0.4950549741747
        ],
        [
          0.08949351864464727,
          -0.4950549741747,
          0.6541278321214882
        ]
      ],
      "inv_cov": [
        [
          15.657392209454901,
          2.455716285960979,
          -0.28361514368670604
        ],
        [
          2.4557162859609667,
          5.121427443873748,
          3.540007512340244
        ],
        [
          -0.28361514368670826,
          3.5400075123402432,
          4.246692937281028
        ]
      ],
      "det_cov": 0.008820772799372966,
      "cond_cov": 18.386621073978816,
      "pd": true
    },
    "F": {
      "label": "F",
      "n": 412,
      "z_mu": [
        1.3082962163571983,
        -1.1251251959132458,
        1.2352948675700195
      ],
      "cov": [
        [
          0.13491113895988696,
          -0.05180026387300686,
          0.08421532842216257
        ],
        [
          -0.05180026387300686,
          0.28717598651520687,
          -0.2762311561250875
        ],
        [
          0.08421532842216257,
          -0.2762311561250875,
          0.44662749035880606
        ]
      ],
      "inv_cov": [
        [
          8.401177179585671,
          -0.02061214041126798,
          -1.5968600815741076
        ],
        [
          -0.02061214041126839,
          8.596142707589552,
          5.3204479074920155
        ],
        [
          -1.5968600815741074,
          5.3204479074920155,
          5.8307059664234595
        ]
      ],
      "det_cov": 0.006184495032511755,
      "cond_cov": 8.698067586799539,
      "pd": true
    },
    "M_EARLY": {
      "label": "M_EARLY",
      "n": 117,
      "z_mu": [
        -2.2384665406287785,
        0.8334841041300921,
        -1.2519824147143197
      ],
      "cov": [
        [
          0.03777497813628815,
          0.027783285899110916,
          0.014165245782893198
        ],
        [
          0.027783285899110916,
          1.43323385328489,
          -0.37177582088321254
        ],
        [
          0.014165245782893198,
          -0.37177582088321254,
          0.21716285286732723
        ]
      ],
      "inv_cov": [
        [
          29.892798922841603,
          -1.952185005623908,
          -5.291945706591361
        ],
        [
          -1.9521850056239078,
          1.382564038467044,
          2.494243622199761
        ],
        [
          -5.29194570659136,
          2.494243622199761,
          9.220090615372794
        ]
      ],
      "det_cov": 0.00578828004224719,
      "cond_cov": 48.262656421954425,
      "pd": true
    },
    "M_MID": {
      "label": "M_MID",
      "n": 55,
      "z_mu": [
        -2.7540459435595768,
        0.780451306957998,
        -1.738662720167756
      ],
      "cov": [
        [
          0.018282410085384507,
          0.0635154865798361,
          0.004265337538762148
        ],
        [
          0.0635154865798361,
          3.1707451121359598,
          -0.42201457669859693
        ],
        [
          0.004265337538762148,
          -0.42201457669859693,
          0.1606276006608641
        ]
      ],
      "inv_cov": [
        [
          64.67716558657857,
          -2.3437482020415303,
          -7.875146254102181
        ],
        [
          -2.3437482020415357,
          0.5698997785238813,
          1.55952582215833
        ],
        [
          -7.875146254102183,
          1.5595258221583295,
          10.532018032201877
        ]
      ],
      "det_cov": 0.005121017189290635,
      "cond_cov": 212.85107963379892,
      "pd": true
    },
    "M_LATE": {
      "label": "M_LATE",
      "n": 52,
      "z_mu": [
        -3.113830665294821,
        0.9752125021859536,
        -2.078524861416444
      ],
      "cov": [
        [
          0.011454809918087115,
          -0.06238944379411684,
          0.016484260562581447
        ],
        [
          -0.06238944379411684,
          4.525875787620148,
          -0.6315856998934833
        ],
        [
          0.016484260562581447,
          -0.6315856998934833,
          0.14219540476826256
        ]
      ],
      "inv_cov": [
        [
          105.53315108539296,
          -0.6641618339941993,
          -15.184112881610965
        ],
        [
          -0.6641618339942013,
          0.5853799710819435,
          2.6770614429283
        ],
        [
          -15.184112881610957,
          2.677061442928301,
          20.683457408732615
        ]
      ],
      "det_cov": 0.002318307003300012,
      "cond_cov": 499.3536750175117,
      "pd": true
    }
  },
  "features": [
    "teff_gspphot",
    "logg_gspphot",
    "radius_gspphot"
  ],
  "meta": {
    "logg_dwarf_min": 4.0,
    "use_features": [
      "teff_gspphot",
      "logg_gspphot",
      "radius_gspphot"
    ]
  }
}