model_name,audit_scope,refit_metric,train_refit_score,test_refit_score,train_minus_test,abs_train_test_gap,cv_score_mean,cv_score_std,cv_score_min,cv_score_max,cv_minus_test,abs_cv_test_gap,test_classwise_min,test_classwise_max,test_classwise_range,test_classwise_std,test_brier,calibration_status,risk_score,risk_level,risk_reasons
baseline_legacy_gaussian,refit_metric,roc_auc,0.8459764411027569,0.8464098789663068,-0.00043343786354987923,0.00043343786354987923,0.8437085846997027,0.0123743781190755,0.8233193277310924,0.8647458983593437,-0.0027012942666041484,0.0027012942666041484,0.8027860696517414,0.9272741806554756,0.12448811100373425,0.047525783772555216,0.1483164694150045,watch,1,WATCH,class-wise test range for roc_auc = 0.124
baseline_mlp_small,refit_metric,roc_auc,0.928655313283208,0.9227281648675173,0.005927148415690753,0.005927148415690753,0.881693778738335,0.024581427274315015,0.6779967159277505,0.9757509157509158,-0.04103438612918231,0.04103438612918231,0.7764068100358423,0.9553956834532373,0.178988873417395,0.06454423319798287,0.0901386772943986,good,1,WATCH,class-wise test range for roc_auc = 0.179
baseline_random_forest,refit_metric,roc_auc,0.9959769423558897,0.9326038599934576,0.06337308236243211,0.06337308236243211,0.9127087491942011,0.02260449696131173,0.7845648604269294,0.9837362637362638,-0.019895110799256543,0.019895110799256543,0.8871236559139785,0.9551219024780176,0.06799824656403919,0.02617738658704145,0.09008069748793765,good,1,WATCH,train/test gap for roc_auc = 0.063
main_contrastive_v1,refit_metric,roc_auc,0.8767872180451128,0.8673702431577799,0.009416974887332952,0.009416974887332952,0.875409910799763,0.010146913128389246,0.8641456582633054,0.8973327305605787,0.008039667641983161,0.008039667641983161,0.811525704809287,0.9338089528377299,0.12228324802844293,0.044299108125764396,0.1543242570187103,watch,1,WATCH,class-wise test range for roc_auc = 0.122
