model_name,split_name,quality_scope,spec_class,threshold_metric,threshold_value,n_rows,n_host,n_field,tp,fp,tn,fn,precision,recall,f1,specificity,balanced_accuracy,accuracy
baseline_legacy_gaussian,test,overall,,f1,0.3839469733058426,4619,1019,3600,717,679,2921,302,0.5136103151862464,0.703631010794897,0.5937888198757765,0.8113888888888889,0.7575099498418929,0.787616367179043
baseline_mlp_small,test,overall,,f1,0.35674602230956,4619,1019,3600,799,379,3221,220,0.6782682512733447,0.7841020608439647,0.7273554847519346,0.8947222222222222,0.8394121415330935,0.8703182507036155
baseline_random_forest,test,overall,,f1,0.6133333333333333,4619,1019,3600,733,289,3311,286,0.7172211350293543,0.719332679097154,0.7182753552180303,0.9197222222222222,0.8195274506596881,0.8755141805585624
main_contrastive_v1,test,overall,,f1,0.498734471425149,4619,1019,3600,883,948,2652,136,0.4822501365374113,0.8665358194308145,0.6196491228070174,0.7366666666666667,0.8016012430487406,0.765317168218229
baseline_legacy_gaussian,train,overall,,f1,0.3839469733058426,10775,2375,8400,1662,1485,6915,713,0.5281220209723546,0.6997894736842105,0.6019558131111915,0.8232142857142857,0.7615018796992481,0.7960092807424594
baseline_mlp_small,train,overall,,f1,0.35674602230956,10775,2375,8400,1869,795,7605,506,0.7015765765765766,0.7869473684210526,0.7418138519547529,0.9053571428571429,0.8461522556390977,0.8792575406032482
baseline_random_forest,train,overall,,f1,0.6133333333333333,10775,2375,8400,2256,185,8215,119,0.9242113887750921,0.9498947368421052,0.93687707641196,0.9779761904761904,0.9639354636591478,0.9717865429234339
main_contrastive_v1,train,overall,,f1,0.498734471425149,10775,2375,8400,2042,2057,6343,333,0.4981702854354721,0.8597894736842105,0.6308310163731851,0.7551190476190476,0.8074542606516291,0.7781902552204176
