feature_name,train_mean,test_mean,train_std,test_std,pooled_std,abs_standardized_mean_diff
logg_gspphot,4.525049299303944,4.520805130980732,0.2549497446883962,0.25482498747767146,0.25488737371599424,0.0166511516884363
radius_gspphot,0.8137909883990719,0.8177775276033773,0.3951094818130274,0.39522885612444464,0.39516917347637076,0.010088183673931585
teff_gspphot,5141.631172399071,5136.943635895216,1009.091467030043,996.9951807972242,1003.0615582719073,0.004673229140523284
