model_name,split_name,n_rows,n_host,n_field,effective_k,roc_auc,pr_auc,brier,precision_at_k
baseline_legacy_gaussian,test,4619,1019,3600,50,0.8464098789663068,0.5712974538655452,0.14831646941500448,0.72
baseline_mlp_small,test,4619,1019,3600,50,0.9227281648675173,0.7555337525230722,0.09013867729439858,0.92
baseline_random_forest,test,4619,1019,3600,50,0.9326038599934577,0.7617962160980297,0.09008069748793765,0.92
main_contrastive_v1,test,4619,1019,3600,50,0.8673702431577799,0.5903988181228631,0.1543242570187103,0.72
baseline_legacy_gaussian,train,10775,2375,8400,50,0.8459764411027569,0.5727715989569546,0.1478362517635007,0.74
baseline_mlp_small,train,10775,2375,8400,50,0.928655313283208,0.7781791001797697,0.08604290411653742,0.98
baseline_random_forest,train,10775,2375,8400,50,0.9959769423558897,0.9854597058618272,0.0335572411197233,1.0
main_contrastive_v1,train,10775,2375,8400,50,0.8767872180451128,0.6208756055593947,0.14662653030246053,0.78
