{
  "global_mu": [
    5318.179828845019,
    4.390423364761344,
    1.0362097819681793
  ],
  "global_sigma": [
    712.1873431259421,
    0.18673612577897508,
    0.32984846909140597
  ],
  "classes": {
    "K": {
      "n": 927,
      "mu": [
        -0.7549868993715084,
        0.8263732769893649,
        -0.7333218168037896
      ],
      "cov": [
        [
          0.15836622657853416,
          -0.06721425737203228,
          0.06018406070947798
        ],
        [
          -0.06721425737203228,
          0.198419347777262,
          -0.1313571943827574
        ],
        [
          0.06018406070947798,
          -0.1313571943827574,
          0.13227819135896246
        ]
      ],
      "inv_cov": [
        [
          7.682421039005451,
          0.841878329723866,
          -2.659338740492023
        ],
        [
          0.8418783297238654,
          14.803172075188506,
          14.317065238037301
        ],
        [
          -2.6593387404920232,
          14.317065238037301,
          22.98715528561165
        ]
      ]
    },
    "G": {
      "n": 1831,
      "mu": [
        0.40204648898028655,
        -0.2696067499904271,
        0.2845655508807868
      ],
      "cov": [
        [
          0.0813052665834374,
          -0.10084500878928984,
          0.08949351864464729
        ],
        [
          -0.10084500878928984,
          0.5858025112960166,
          -0.4950549741747
        ],
        [
          0.08949351864464729,
          -0.4950549741747,
          0.6541278321214884
        ]
      ],
      "inv_cov": [
        [
          15.657392209454901,
          2.4557162859609756,
          -0.2836151436867065
        ],
        [
          2.455716285960965,
          5.121427443873743,
          3.5400075123402397
        ],
        [
          -0.2836151436867095,
          3.540007512340239,
          4.246692937281024
        ]
      ]
    },
    "F": {
      "n": 412,
      "mu": [
        1.3082962163571983,
        -1.1251251959132458,
        1.2352948675700195
      ],
      "cov": [
        [
          0.13491113895988696,
          -0.051800263873006874,
          0.08421532842216253
        ],
        [
          -0.051800263873006874,
          0.287175986515207,
          -0.2762311561250875
        ],
        [
          0.08421532842216253,
          -0.2762311561250875,
          0.4466274903588062
        ]
      ],
      "inv_cov": [
        [
          8.401177179585668,
          -0.020612140411264607,
          -1.596860081574103
        ],
        [
          -0.02061214041126402,
          8.596142707589536,
          5.320447907492004
        ],
        [
          -1.596860081574103,
          5.320447907492004,
          5.830705966423449
        ]
      ]
    },
    "M_EARLY": {
      "n": 117,
      "mu": [
        -2.2384665406287785,
        0.8334841041300921,
        -1.2519824147143197
      ],
      "cov": [
        [
          0.03777497813628816,
          0.02778328589911091,
          0.014165245782893191
        ],
        [
          0.02778328589911091,
          1.4332338532848894,
          -0.3717758208832127
        ],
        [
          0.014165245782893191,
          -0.3717758208832127,
          0.2171628528673273
        ]
      ],
      "inv_cov": [
        [
          29.892798922841592,
          -1.9521850056239087,
          -5.291945706591359
        ],
        [
          -1.952185005623909,
          1.3825640384670455,
          2.494243622199764
        ],
        [
          -5.29194570659136,
          2.494243622199764,
          9.220090615372797
        ]
      ]
    },
    "M_MID": {
      "n": 55,
      "mu": [
        -2.7540459435595768,
        0.780451306957998,
        -1.738662720167756
      ],
      "cov": [
        [
          0.018282410085384504,
          0.0635154865798361,
          0.004265337538762147
        ],
        [
          0.0635154865798361,
          3.17074511213596,
          -0.4220145766985967
        ],
        [
          0.004265337538762147,
          -0.4220145766985967,
          0.1606276006608641
        ]
      ],
      "inv_cov": [
        [
          64.67716558657861,
          -2.343748202041538,
          -7.875146254102181
        ],
        [
          -2.343748202041535,
          0.5698997785238811,
          1.5595258221583284
        ],
        [
          -7.8751462541021775,
          1.5595258221583281,
          10.532018032201872
        ]
      ]
    },
    "M_LATE": {
      "n": 52,
      "mu": [
        -3.113830665294821,
        0.9752125021859536,
        -2.078524861416444
      ],
      "cov": [
        [
          0.011454809918087115,
          -0.062389443794116865,
          0.01648426056258145
        ],
        [
          -0.062389443794116865,
          4.525875787620146,
          -0.6315856998934836
        ],
        [
          0.01648426056258145,
          -0.6315856998934836,
          0.14219540476826256
        ]
      ],
      "inv_cov": [
        [
          105.53315108539303,
          -0.6641618339942024,
          -15.18411288161098
        ],
        [
          -0.6641618339942041,
          0.5853799710819447,
          2.677061442928307
        ],
        [
          -15.18411288161098,
          2.677061442928307,
          20.683457408732654
        ]
      ]
    }
  },
  "features": [
    "teff_gspphot",
    "logg_gspphot",
    "radius_gspphot"
  ],
  "meta": {
    "logg_dwarf_min": 4.0,
    "use_m_subclasses": true,
    "shrink_alpha": 0.15
  }
}