{
  "global_mu": [
    5140.2246678446145,
    4.52377582824477,
    0.8149871573340263
  ],
  "global_sigma": [
    1005.4795289095551,
    0.2549197377342153,
    0.39514952752630456
  ],
  "classes": {
    "M_EARLY": {
      "host": {
        "n": 117,
        "mu": [
          -1.4085342729774448,
          0.08743586988711782,
          -0.4852387383304239
        ],
        "cov": [
          [
            0.018951616435727354,
            0.014415493261362244,
            0.008375256920340765
          ],
          [
            0.014415493261362244,
            0.7690716815432994,
            -0.22733119151716558
          ],
          [
            0.008375256920340765,
            -0.22733119151716558,
            0.15131833356438923
          ]
        ],
        "effective_cov": [
          [
            0.018951616435727354,
            0.014415493261362244,
            0.008375256920340765
          ],
          [
            0.014415493261362244,
            0.7690716815432994,
            -0.22733119151716558
          ],
          [
            0.008375256920340765,
            -0.22733119151716558,
            0.15131833356438923
          ]
        ],
        "inv_cov": [
          [
            59.58329884800992,
            -3.7624875649992897,
            -8.950377560542103
          ],
          [
            -3.76248756499929,
            2.5765317223602358,
            4.079068358096446
          ],
          [
            -8.950377560542105,
            4.079068358096446,
            13.232112293105718
          ]
        ],
        "log_det_cov": -6.825443975437529
      },
      "field": {
        "n": 2593,
        "mu": [
          -1.3571260747952396,
          0.45708991317387354,
          -0.9143250254192573
        ],
        "cov": [
          [
            0.01777166220930504,
            0.03130522928295704,
            -0.0023395583884538236
          ],
          [
            0.03130522928295704,
            1.0782317388527836,
            -0.28072785295509084
          ],
          [
            -0.0023395583884538236,
            -0.28072785295509084,
            0.20506731484359453
          ]
        ],
        "effective_cov": [
          [
            0.01777166220930504,
            0.03130522928295704,
            -0.0023395583884538236
          ],
          [
            0.03130522928295704,
            1.0782317388527836,
            -0.28072785295509084
          ],
          [
            -0.0023395583884538236,
            -0.28072785295509084,
            0.20506731484359453
          ]
        ],
        "inv_cov": [
          [
            60.215987283075016,
            -2.4386081500126595,
            -2.651355787241762
          ],
          [
            -2.438608150012665,
            1.5398295986063657,
            2.080135448719826
          ],
          [
            -2.6513557872417697,
            2.080135448719826,
            7.693809995539406
          ]
        ],
        "log_det_cov": -6.047741886519974
      }
    },
    "M_MID": {
      "host": {
        "n": 55,
        "mu": [
          -1.7737223395529649,
          0.04858780276151809,
          -0.8914919222724632
        ],
        "cov": [
          [
            0.009172241535357423,
            0.0329553196878369,
            0.002521897486752299
          ],
          [
            0.0329553196878369,
            1.7014182783546647,
            -0.25805087681762234
          ],
          [
            0.002521897486752299,
            -0.25805087681762234,
            0.11192476307767751
          ]
        ],
        "effective_cov": [
          [
            0.009172241535357423,
            0.0329553196878369,
            0.002521897486752299
          ],
          [
            0.0329553196878369,
            1.7014182783546647,
            -0.25805087681762234
          ],
          [
            0.002521897486752299,
            -0.25805087681762234,
            0.11192476307767751
          ]
        ],
        "inv_cov": [
          [
            128.91662957805775,
            -4.517155618072408,
            -13.31939823776169
          ],
          [
            -4.5171556180723975,
            1.0620592009328873,
            2.5504374866116897
          ],
          [
            -13.319398237761682,
            2.5504374866116897,
            15.114910589137944
          ]
        ],
        "log_det_cov": -6.947926077183161
      },
      "field": {
        "n": 384,
        "mu": [
          -1.745762065439915,
          0.6621731066108814,
          -1.0941570640966496
        ],
        "cov": [
          [
            0.005668158294258111,
            -0.01410092741840727,
            0.0056872665994584185
          ],
          [
            -0.01410092741840727,
            0.5806320181788206,
            -0.1491805689486867
          ],
          [
            0.0056872665994584185,
            -0.1491805689486867,
            0.1294567359556028
          ]
        ],
        "effective_cov": [
          [
            0.005668158294258111,
            -0.01410092741840727,
            0.0056872665994584185
          ],
          [
            -0.01410092741840727,
            0.5806320181788206,
            -0.1491805689486867
          ],
          [
            0.0056872665994584185,
            -0.1491805689486867,
            0.1294567359556028
          ]
        ],
        "inv_cov": [
          [
            189.43173836236954,
            3.497901577537252,
            -4.291239439194988
          ],
          [
            3.4979015775372595,
            2.5112372250957846,
            2.740176450273286
          ],
          [
            -4.291239439194976,
            2.7401764502732866,
            11.07077583893267
          ]
        ],
        "log_det_cov": -8.183156060394735
      }
    },
    "M_LATE": {
      "host": {
        "n": 52,
        "mu": [
          -2.0285600738903473,
          0.19125604560613502,
          -1.1751896093095415
        ],
        "cov": [
          [
            0.0057468508155987495,
            -0.03237106690188182,
            0.00974638347046475
          ],
          [
            -0.03237106690188182,
            2.428579882106128,
            -0.3861981377941511
          ],
          [
            0.00974638347046475,
            -0.3861981377941511,
            0.09908127198528144
          ]
        ],
        "effective_cov": [
          [
            0.0057468508155987495,
            -0.03237106690188182,
            0.00974638347046475
          ],
          [
            -0.03237106690188182,
            2.428579882106128,
            -0.3861981377941511
          ],
          [
            0.00974638347046475,
            -0.3861981377941511,
            0.09908127198528144
          ]
        ],
        "inv_cov": [
          [
            210.35210840321724,
            -1.280053188786604,
            -25.68120512707357
          ],
          [
            -1.2800531887866222,
            1.0909079240909956,
            4.378047327589514
          ],
          [
            -25.681205127073607,
            4.378047327589512,
            29.683637879404237
          ]
        ],
        "log_det_cov": -7.740441986954157
      },
      "field": {
        "n": 23,
        "mu": [
          -1.9751787103043121,
          1.675165960874466,
          -1.4145668392995405
        ],
        "cov": [
          [
            0.0016600805722371062,
            -0.004437899200777025,
            0.0011751684364676447
          ],
          [
            -0.004437899200777025,
            0.19018998671531093,
            -0.011945738882473578
          ],
          [
            0.0011751684364676447,
            -0.011945738882473578,
            0.010137829913306333
          ]
        ],