{
  "global_mu": [
    10296.423777372947,
    3.7767482277421154,
    12.214500880420166
  ],
  "global_sigma": [
    9284.480564843436,
    1.038725496404338,
    40.58505348225004
  ],
  "classes": {
    "A_dwarf": {
      "n": 2097,
      "spec_class": "A",
      "evolution_stage": "dwarf",
      "mu": [
        -0.1694957574410628,
        0.49808052409494913,
        -0.2648212623562699
      ],
      "cov": [
        [
          0.005710764035871947,
          0.002009134132039531,
          -3.006246010401841e-05
        ],
        [
          0.002009134132039531,
          0.023167484540421935,
          -0.0009793571186259742
        ],
        [
          -3.006246010401841e-05,
          -0.0009793571186259742,
          6.798161288361074e-05
        ]
      ],
      "inv_cov": [
        [
          184.39075678400576,
          -32.080746587956526,
          -380.62156331422267
        ],
        [
          -32.080746587956526,
          115.97303787735737,
          1656.5448990194766
        ],
        [
          -380.62156331422267,
          1656.5448990194766,
          38406.070522134585
        ]
      ]
    },
    "A_evolved": {
      "n": 3000,
      "spec_class": "A",
      "evolution_stage": "evolved",
      "mu": [
        -0.17699603048290283,
        -0.08362064348035514,
        -0.2077444902413222
      ],
      "cov": [
        [
          0.005728517301193535,
          0.0033803832269619248,
          -0.0005436518532264322
        ],
        [
          0.0033803832269619248,
          0.07115900676487322,
          -0.01263198581808937
        ],
        [
          -0.0005436518532264322,
          -0.01263198581808937,
          0.003908214934021862
        ]
      ],
      "inv_cov": [
        [
          179.66152232435522,
          -9.615072268886312,
          -6.085677829106187
        ],
        [
          -9.615072268886314,
          33.484824320439586,
          106.89089037619034
        ],
        [
          -6.085677829106193,
          106.89089037619034,
          600.5134724946837
        ]
      ]
    },
    "B_dwarf": {
      "n": 1975,
      "spec_class": "B",
      "evolution_stage": "dwarf",
      "mu": [
        0.35660570507381123,
        0.5740731623031355,
        -0.25604264584501835
      ],
      "cov": [
        [
          0.1203307477748711,
          0.01497479822236518,
          0.0018397228351806157
        ],
        [
          0.01497479822236518,
          0.031860991616615174,
          -0.001558920243783459
        ],
        [
          0.0018397228351806157,
          -0.001558920243783459,
          0.00021166056238482086
        ]
      ],
      "inv_cov": [
        [
          15.52450534968409,
          -21.729553398169685,
          -294.979031398224
        ],
        [
          -21.72955339816968,
          79.48424471786038,
          774.2866781173842
        ],
        [
          -294.979031398224,
          774.2866781173843,
          12991.229003599234
        ]
      ]
    },
    "B_evolved": {
      "n": 3000,
      "spec_class": "B",
      "evolution_stage": "evolved",
      "mu": [
        0.29749134754174184,
        -0.042069274214777894,
        -0.17498631321321692
      ],
      "cov": [
        [
          0.0956123071517536,
          -0.013512769259764766,
          0.013114155108658857
        ],
        [
          -0.013512769259764766,
          0.04942603209561632,
          -0.023487813329531194
        ],
        [
          0.013114155108658857,
          -0.023487813329531194,
          0.02688787843914277
        ]
      ],
      "inv_cov": [
        [
          11.227160414772241,
          0.7988576734302087,
          -4.778037935923568
        ],
        [
          0.7988576734302077,
          34.64894273544877,
          29.87783351576111
        ],
        [
          -4.778037935923569,
          29.877833515761115,
          65.6215740825113
        ]
      ]
    },
    "F_dwarf": {
      "n": 3000,
      "spec_class": "F",
      "evolution_stage": "dwarf",
      "mu": [
        -0.4099968522403965,
        0.5173180409883574,
        -0.27101301760176244
      ],
      "cov": [
        [
          0.002079698189429085,
          -0.0015788878823845892,
          0.00012914355110153612
        ],
        [
          -0.0015788878823845892,
          0.026244293791681094,
          -0.0009856401669574054
        ],
        [
          0.00012914355110153612,
          -0.0009856401669574054,
          5.920173264583742e-05
        ]
      ],
      "inv_cov": [
        [
          566.6344199681723,
          -32.91087648945457,
          -1783.9927692767537
        ],
        [
          -32.9108764894546,
          103.59406394562521,
          1796.5132638791529
        ],
        [
          -1783.9927692767542,
          1796.5132638791529,
          50692.88786982687
        ]
      ]
    },
    "F_evolved": {
      "n": 3000,
      "spec_class": "F",
      "evolution_stage": "evolved",
      "mu": [
        -0.39825076693115274,
        -0.16323734711021187,
        -0.19001883908960868
      ],
      "cov": [
        [
          0.0022970603954314377,
          -0.0003342472831974057,
          0.0001617919921425136
        ],
        [
          -0.0003342472831974057,
          0.17320604129943964,
          -0.04512421664243219
        ],
        [
          0.0001617919921425136,
          -0.04512421664243219,
          0.022600333544860015
        ]
      ],
      "inv_cov": [
        [
          435.55891831740126,
          0.05875177295189159,
          -3.0007883390122165
        ],
        [
          0.05875177295189142,
          12.032218108381871,
          24.023314079305294
        ],
        [
          -3.0007883390122165,
          24.023314079305294,
          92.23398089986205
        ]
      ]
    },
    "G_dwarf": {
      "n": 3000,
      "spec_class": "G",
      "evolution_stage": "dwarf",
      "mu": [
        -0.5163092248396324,
        0.7646725803311099,
        -0.28182893287934074
      ],
      "cov": [
        [
          0.0005347110719824439,
          -0.001317350033715388,
          4.4763227767149066e-05
        ],
        [
          -0.001317350033715388,
          0.03339108410239059,
          -0.00102105630354663
        ],
        [
          4.4763227767149066e-05,
          -0.00102105630354663,
          4.578786910243927e-05
        ]
      ],
      "inv_cov": [
        [
          2077.444653741076,
          62.41883588894763,
          -639.0335025013528
        ],
        [
          62.41883588894794,
          96.02123755357073,
          2080.223936551139
        ],
        [
          -639.0335025013479,
          2080.223936551139,
          68852.97410050212
        ]
      ]
    },
    "G_evolved": {
      "n": 3000,
      "spec_class": "G",
      "evolution_stage": "evolved",
      "mu": [
        -0.513355870216453,
        -0.21959044540483036,
        -0.20289232465070337
      ],
      "cov": [
        [
          0.0006476333872793601,
          0.0015991437026158513,
          -0.0001709595361475636
        ],
        [
          0.0015991437026158513,
          0.13655772295589577,
          -0.027296478752609384
        ],
        [
          -0.0001709595361475636,
          -0.027296478752609384,
          0.010095681339529202
        ]
      ],
      "inv_cov": [
        [
          1602.2015791580639,
          -29.026853376128603,
          -51.350595389634414
        ],
        [
          -29.026853376128734,
          16.461086397202138,
          44.01558079663118
        ],
        [
          -51.35059538963471,
          44.01558079663118,
          217.1910362745804
        ]
      ]
    },
    "K_dwarf": {
      "n": 3000,
      "spec_class": "K",
      "evolution_stage": "dwarf",
      "mu": [
        -0.6085755990918552,
        0.8998709561157878,
        -0.2867999484632322
      ],