source_id,predicted_spec_class,predicted_evolution_stage,gauss_label,router_similarity,similarity,class_prior,distance_factor,quality_factor,metallicity_factor,final_score,priority_tier,reason_code,ra,dec,teff_gspphot,logg_gspphot,radius_gspphot,mh_gspphot,parallax,parallax_over_error,ruwe
2914878340241536,M,dwarf,M_MID,0.2947970465109468,0.4392163417287323,1.02,0.9,1.0,1.0,0.40320060170697625,MEDIUM,HOST_SCORING,48.899395,4.3199725,3336.3276,4.9195,0.3432,-0.0945,9.057717,212.99055,0.97854644
4661035948722944,M,dwarf,M_MID,0.3167419564246655,0.45578782351840436,1.02,0.9,1.0,0.96,0.4016766931102994,MEDIUM,HOST_SCORING,43.032627,3.35153,3371.7078,4.8989,0.3257,-0.3061,5.2004495,53.6677,1.0506507
22754771094131200,M,dwarf,M_EARLY,0.6678236576135195,0.48409253885334275,1.02,0.8,1.0,0.96,0.37921873123615457,MEDIUM,HOST_SCORING,36.674683,8.477222,3649.5427,4.6669,0.4708,-0.687,2.786661,36.221977,1.0623659
20599968821903872,M,dwarf,M_MID,0.2845085772584074,0.41094589684341215,1.02,0.9,1.0,1.0,0.3772483333022524,MEDIUM,HOST_SCORING,41.99214,8.477943,3314.6174,4.9332,0.33,-0.1044,7.925336,106.50147,1.0207549
7092232251988480,M,dwarf,M_MID,0.29426790297038524,0.4546061418542159,1.02,0.8,1.0,1.0,0.3709586117530402,MEDIUM,HOST_SCORING,44.542683,5.9562964,3321.5322,4.8619,0.3903,0.0791,4.2750587,40.916237,0.9315824
